time,y
2022-1,142.3663832
2022-2,124.4911391
2022-3,46.43631564
2022-4,157.1643241
2022-5,273.432842
2022-6,410.4107462
2022-7,746.6938205
2022-8,478.9697826
2022-9,314.3035243
2022-10,359.982351
2022-11,142.7959678
2022-12,154.7436214
